日期,股票代码,开盘,收盘,最高,最低,成交量,成交额,振幅,涨跌幅,涨跌额,换手率
2023-07-18,688627,66.1,76.6,85.93,66.0,164038,1225759938.0,42.61,63.78,29.83,82.17
2023-07-19,688627,72.0,83.48,87.6,70.8,127892,1000967635.0,21.93,8.98,6.88,64.07
2023-07-20,688627,81.1,79.5,84.9,76.8,82007,658697146.0,9.7,-4.77,-3.98,41.08
2023-07-21,688627,78.88,78.0,83.8,75.76,74819,595448291.0,10.11,-1.89,-1.5,37.48
2023-07-24,688627,77.0,83.2,86.77,77.0,73728,606743660.0,12.53,6.67,5.2,36.93
2023-07-25,688627,85.6,83.18,86.6,76.32,66085,532911006.0,12.36,-0.02,-0.02,33.11
2023-07-26,688627,85.95,84.88,89.88,84.46,43730,378868857.0,6.52,2.04,1.7,21.91
2023-07-27,688627,82.5,82.86,86.92,81.98,31624,266240899.0,5.82,-2.38,-2.02,15.84
2023-07-28,688627,83.41,79.05,84.34,76.9,42674,339275925.0,8.98,-4.6,-3.81,21.38
2023-07-31,688627,76.88,82.1,83.35,75.5,29203,232832158.0,9.93,3.86,3.05,14.63
2023-08-01,688627,81.53,90.3,94.68,78.58,32990,285493986.0,19.61,9.99,8.2,16.53
2023-08-02,688627,87.9,101.9,108.0,87.13,40055,392577668.0,23.11,12.85,11.6,20.07
2023-08-03,688627,101.3,99.39,106.0,96.01,41366,411380482.0,9.8,-2.46,-2.51,20.72
2023-08-04,688627,98.02,96.2,98.81,94.68,32096,309195521.0,4.16,-3.21,-3.19,16.08
2023-08-07,688627,97.2,94.75,98.37,91.2,24700,233802353.0,7.45,-1.51,-1.45,12.37
2023-08-08,688627,93.79,89.61,94.99,89.0,27846,255560931.0,6.32,-5.42,-5.14,13.95
2023-08-09,688627,89.0,85.0,89.9,82.88,37516,321063880.0,7.83,-5.14,-4.61,18.79
2023-08-10,688627,83.98,89.07,90.6,83.98,31446,276647771.0,7.79,4.79,4.07,15.75
2023-08-11,688627,87.94,86.29,90.45,85.08,19991,174903496.0,6.03,-3.12,-2.78,10.01
2023-08-14,688627,86.0,85.0,86.7,83.37,13496,115052511.0,3.86,-1.49,-1.29,6.76
2023-08-15,688627,87.1,83.0,88.83,82.06,15088,129028322.0,7.96,-2.35,-2.0,7.56
2023-08-16,688627,82.4,80.33,84.0,79.87,16798,136802528.0,4.98,-3.22,-2.67,8.42
2023-08-17,688627,80.0,81.9,83.69,79.96,17673,144897201.0,4.64,1.95,1.57,8.85
2023-08-18,688627,84.3,84.91,88.35,84.3,23271,201147718.0,4.95,3.68,3.01,11.66
2023-08-21,688627,84.17,83.04,86.29,82.0,13634,113843199.0,5.05,-2.2,-1.87,6.83
2023-08-22,688627,83.04,85.1,85.3,80.02,14238,118375013.0,6.36,2.48,2.06,7.13
2023-08-23,688627,83.36,78.74,83.36,78.0,15472,123871873.0,6.3,-7.47,-6.36,7.75
2023-08-24,688627,79.5,83.2,85.33,76.7,15758,128978506.0,10.96,5.66,4.46,7.89
2023-08-25,688627,81.21,77.33,83.7,75.04,14325,113021953.0,10.41,-7.06,-5.87,7.18
2023-08-28,688627,81.9,75.99,82.9,74.27,18091,141098579.0,11.16,-1.73,-1.34,9.06
2023-08-29,688627,74.63,81.6,81.98,73.99,27791,218494235.0,10.51,7.38,5.61,13.92
2023-08-30,688627,81.8,83.01,87.9,81.8,31249,264110425.0,7.48,1.73,1.41,15.65
2023-08-31,688627,82.0,87.5,88.27,80.25,28728,245954802.0,9.66,5.41,4.49,14.39
2023-09-01,688627,88.0,88.68,96.32,87.53,37846,347056209.0,10.05,1.35,1.18,18.96
2023-09-04,688627,89.15,89.9,90.9,85.35,23767,208870972.0,6.26,1.38,1.22,11.91
2023-09-05,688627,89.0,90.2,92.28,88.23,19180,172580984.0,4.51,0.33,0.3,9.61
2023-09-06,688627,88.22,91.86,92.7,88.22,14077,128062488.0,4.97,1.84,1.66,7.05
2023-09-07,688627,90.35,88.2,90.8,86.0,12779,113189837.0,5.23,-3.98,-3.66,6.4
2023-09-08,688627,89.47,92.1,94.62,87.0,18635,170978253.0,8.64,4.42,3.9,9.34
2023-09-11,688627,91.46,90.96,91.5,88.18,12967,116159020.0,3.6,-1.24,-1.14,6.5
2023-09-12,688627,89.58,87.2,92.0,86.61,11054,98621487.0,5.93,-4.13,-3.76,5.54
2023-09-13,688627,87.11,88.6,89.8,86.0,9389,82836602.0,4.36,1.61,1.4,4.7
2023-09-14,688627,87.74,86.1,87.74,84.87,8865,76477429.0,3.24,-2.82,-2.5,4.44
2023-09-15,688627,86.3,85.45,87.3,83.08,6423,54419487.0,4.9,-0.75,-0.65,3.22
2023-09-18,688627,84.28,82.95,86.12,82.6,5676,47622344.0,4.12,-2.93,-2.5,2.84
2023-09-19,688627,82.4,81.08,83.57,80.42,6398,52405473.0,3.8,-2.25,-1.87,3.2
2023-09-20,688627,80.03,80.26,82.9,79.88,3446,27919589.0,3.72,-1.01,-0.82,1.73
2023-09-21,688627,79.61,80.06,81.23,79.0,3053,24467513.0,2.78,-0.25,-0.2,1.53
2023-09-22,688627,79.91,82.1,82.21,79.26,5421,43900146.0,3.68,2.55,2.04,2.72
2023-09-25,688627,82.13,82.33,83.66,80.18,6655,54766161.0,4.24,0.28,0.23,3.33
2023-09-26,688627,81.35,81.47,83.28,80.73,3939,32208762.0,3.1,-1.04,-0.86,1.97
2023-09-27,688627,80.88,82.5,84.68,79.78,5513,45404614.0,6.01,1.26,1.03,2.76
2023-09-28,688627,83.9,90.28,92.0,82.53,14160,124266741.0,11.48,9.43,7.78,7.09
2023-10-09,688627,89.0,89.8,91.36,87.8,5269,46952530.0,3.94,-0.53,-0.48,2.64
2023-10-10,688627,89.9,87.74,91.67,87.3,7381,65500611.0,4.87,-2.29,-2.06,3.7
2023-10-11,688627,88.0,88.35,90.2,85.93,5655,49776650.0,4.87,0.7,0.61,2.83
2023-10-12,688627,88.5,95.8,95.87,86.38,13981,127502270.0,10.74,8.43,7.45,7.0
2023-10-13,688627,93.0,94.5,96.61,93.0,7434,70300439.0,3.77,-1.36,-1.3,3.72
2023-10-16,688627,93.79,91.08,93.79,90.42,6513,59864775.0,3.57,-3.62,-3.42,3.26
2023-10-17,688627,91.88,91.5,91.94,89.0,5037,45587129.0,3.23,0.46,0.42,2.52
2023-10-18,688627,91.0,92.21,93.97,90.86,7173,66189779.0,3.4,0.78,0.71,3.59
2023-10-19,688627,91.05,90.66,94.39,90.49,4413,40741419.0,4.23,-1.68,-1.55,2.21
2023-10-20,688627,89.06,88.06,91.19,87.1,6535,57985626.0,4.51,-2.87,-2.6,3.27
2023-10-23,688627,88.4,85.63,88.4,83.87,7172,61399314.0,5.14,-2.76,-2.43,3.59
2023-10-24,688627,85.98,89.05,91.34,83.85,8257,72184247.0,8.75,3.99,3.42,4.14
2023-10-25,688627,89.89,85.11,89.89,83.55,7194,61648840.0,7.12,-4.42,-3.94,3.6
2023-10-26,688627,84.11,86.11,86.77,83.5,4827,41046819.0,3.84,1.17,1.0,2.42
2023-10-27,688627,86.11,87.0,88.77,83.67,6258,54141316.0,5.92,1.03,0.89,3.13
2023-10-30,688627,89.44,94.0,96.0,87.0,11105,102364881.0,10.34,8.05,7.0,5.56
2023-10-31,688627,108.0,105.0,112.8,104.0,35308,387653296.0,9.36,11.7,11.0,17.69
2023-11-01,688627,102.56,93.3,103.0,91.52,31645,306715075.0,10.93,-11.14,-11.7,15.85
2023-11-02,688627,93.0,91.43,93.73,87.45,20672,187139568.0,6.73,-2.0,-1.87,10.36
2023-11-03,688627,90.97,95.01,95.98,90.31,14352,134701004.0,6.2,3.92,3.58,7.19
2023-11-06,688627,95.01,98.47,98.87,94.56,13985,135174346.0,4.54,3.64,3.46,7.01
2023-11-07,688627,97.67,99.01,100.0,96.18,9387,92282588.0,3.88,0.55,0.54,4.7
2023-11-08,688627,98.17,101.0,102.99,97.67,6685,67129928.0,5.37,2.01,1.99,3.35
2023-11-09,688627,101.0,100.12,103.84,99.5,5937,60009685.0,4.3,-0.87,-0.88,2.97
2023-11-10,688627,99.0,103.77,108.75,99.0,8681,90603425.0,9.74,3.65,3.65,4.35
2023-11-13,688627,103.12,100.6,105.86,99.13,8616,87098871.0,6.49,-3.05,-3.17,4.32
2023-11-14,688627,100.89,98.72,100.99,98.32,5494,54681080.0,2.65,-1.87,-1.88,2.75
2023-11-15,688627,100.51,100.54,103.69,98.72,8516,86090528.0,5.03,1.84,1.82,4.27
2023-11-16,688627,100.11,96.12,100.5,95.52,7630,74399156.0,4.95,-4.4,-4.42,3.82
2023-11-17,688627,96.12,97.36,99.0,95.84,5809,56529734.0,3.29,1.29,1.24,2.91
2023-11-20,688627,99.69,98.66,101.26,93.39,18519,179032826.0,8.08,1.34,1.3,9.28
2023-11-21,688627,98.11,95.39,98.3,93.65,10503,99968315.0,4.71,-3.31,-3.27,5.26
2023-11-22,688627,94.58,94.4,96.69,93.82,4385,41745661.0,3.01,-1.04,-0.99,2.2
2023-11-23,688627,94.27,94.7,95.5,93.39,6340,59928105.0,2.24,0.32,0.3,3.18
2023-11-24,688627,94.66,92.61,94.82,92.16,6120,57127445.0,2.81,-2.21,-2.09,3.07
2023-11-27,688627,92.34,94.88,95.24,92.01,5740,53819137.0,3.49,2.45,2.27,2.88
2023-11-28,688627,94.51,96.75,97.09,94.15,4045,38934451.0,3.1,1.97,1.87,2.03
2023-11-29,688627,103.0,96.0,109.77,96.0,17238,174109228.0,14.23,-0.78,-0.75,8.64
2023-11-30,688627,95.5,92.89,96.82,91.92,7449,69798247.0,5.1,-3.24,-3.11,3.73
2023-12-01,688627,92.42,95.37,95.4,91.05,8816,82640068.0,4.68,2.67,2.48,4.42
2023-12-04,688627,95.03,95.28,97.34,94.27,5532,53065033.0,3.22,-0.09,-0.09,2.77
2023-12-05,688627,94.24,93.45,95.59,93.08,3323,31324346.0,2.63,-1.92,-1.83,1.66
2023-12-06,688627,93.4,93.9,95.4,92.45,2636,24862102.0,3.16,0.48,0.45,1.32
2023-12-07,688627,93.62,89.91,93.68,89.31,6292,57256016.0,4.65,-4.25,-3.99,3.15
2023-12-08,688627,89.61,89.51,91.47,89.33,6997,63298792.0,2.38,-0.44,-0.4,3.51
2023-12-11,688627,89.0,90.54,90.78,87.84,6375,56822645.0,3.28,1.15,1.03,3.19
2023-12-12,688627,90.82,92.11,92.59,89.4,4550,41459351.0,3.52,1.73,1.57,2.28
2023-12-13,688627,92.38,91.3,93.36,90.79,2803,25776895.0,2.79,-0.88,-0.81,1.4
2023-12-14,688627,91.11,89.31,91.52,88.66,2754,24738207.0,3.13,-2.18,-1.99,1.38
2023-12-15,688627,88.89,87.4,89.34,86.5,3075,26939806.0,3.18,-2.14,-1.91,1.54
2023-12-18,688627,87.0,85.49,87.68,84.04,3703,31688844.0,4.16,-2.19,-1.91,1.85
2023-12-19,688627,85.5,85.86,88.0,84.67,3443,29721892.0,3.9,0.43,0.37,1.72
2023-12-20,688627,85.87,84.93,87.98,84.54,3267,28015118.0,4.01,-1.08,-0.93,1.64
2023-12-21,688627,85.05,85.05,86.48,83.0,2443,20614411.0,4.1,0.14,0.12,1.22
2023-12-22,688627,84.5,85.17,86.16,83.7,3736,31693630.0,2.89,0.14,0.12,1.87
2023-12-25,688627,84.3,84.78,86.8,83.5,2234,19015083.0,3.87,-0.46,-0.39,1.12
2023-12-26,688627,84.87,82.12,84.87,81.39,3482,28684187.0,4.1,-3.14,-2.66,1.74
2023-12-27,688627,82.12,84.36,85.79,82.12,3579,30011948.0,4.47,2.73,2.24,1.79
2023-12-28,688627,84.74,85.72,86.46,83.43,3336,28405229.0,3.59,1.61,1.36,1.67
2023-12-29,688627,85.01,89.18,90.56,84.41,6977,61949382.0,7.17,4.04,3.46,3.5
2024-01-02,688627,89.5,84.39,89.94,83.81,9381,80453863.0,6.87,-5.37,-4.79,4.7
2024-01-03,688627,83.54,80.99,83.67,79.08,7925,64099485.0,5.44,-4.03,-3.4,3.97
2024-01-04,688627,80.99,80.34,81.31,79.82,3766,30358259.0,1.84,-0.8,-0.65,1.89
2024-01-05,688627,79.4,77.4,80.5,77.18,4627,36342940.0,4.13,-3.66,-2.94,2.32
2024-01-08,688627,77.49,73.19,77.99,72.99,7841,58831825.0,6.46,-5.44,-4.21,3.93
2024-01-09,688627,73.19,70.55,74.44,70.03,7695,55380461.0,6.03,-3.61,-2.64,3.85
2024-01-10,688627,69.95,70.35,70.74,68.07,4832,33675445.0,3.78,-0.28,-0.2,2.42
2024-01-11,688627,68.86,69.0,72.51,68.11,10166,70627305.0,6.25,-1.92,-1.35,5.09
2024-01-12,688627,69.09,70.54,74.47,68.28,16708,119403142.0,8.97,2.23,1.54,8.37
2024-01-15,688627,70.0,69.64,71.99,69.25,8681,61131963.0,3.88,-1.28,-0.9,4.35
2024-01-16,688627,68.82,70.39,70.68,68.21,6942,48074726.0,3.55,1.08,0.75,3.48
2024-01-17,688627,70.75,66.32,70.75,66.0,6335,42840257.0,6.75,-5.78,-4.07,3.17
2024-01-18,688627,65.73,66.38,67.9,64.0,15294,100336987.0,5.88,0.09,0.06,7.19
2024-01-19,688627,66.15,64.71,67.7,64.71,8390,55339557.0,4.5,-2.52,-1.67,3.94
2024-01-22,688627,64.29,60.22,65.85,60.11,8239,51537217.0,8.87,-6.94,-4.49,3.87
2024-01-23,688627,60.6,60.33,61.3,59.42,7398,44688162.0,3.12,0.18,0.11,3.48
2024-01-24,688627,60.22,59.98,62.98,57.6,6323,37203948.0,8.92,-0.58,-0.35,2.97
2024-01-25,688627,60.12,61.56,62.57,58.21,9158,55167973.0,7.27,2.63,1.58,4.3
2024-01-26,688627,61.21,59.11,61.38,58.5,5985,35599036.0,4.68,-3.98,-2.45,2.81
2024-01-29,688627,60.27,57.51,60.98,57.32,6794,39855088.0,6.19,-2.71,-1.6,3.19
2024-01-30,688627,57.93,55.24,57.93,50.02,8962,50144873.0,13.75,-3.95,-2.27,4.21
2024-01-31,688627,56.19,52.71,59.59,52.25,13712,75354464.0,13.29,-4.58,-2.53,6.44
2024-02-01,688627,53.01,53.28,54.19,51.45,17123,90926392.0,5.2,1.08,0.57,8.05
2024-02-02,688627,53.0,49.6,54.47,47.6,14566,73908407.0,12.89,-6.91,-3.68,6.84
2024-02-05,688627,49.01,41.54,50.3,39.68,25367,108633878.0,21.41,-16.25,-8.06,11.92
2024-02-06,688627,39.8,44.8,44.94,38.05,25927,106681828.0,16.59,7.85,3.26,12.18
2024-02-07,688627,45.61,40.25,46.82,38.5,35646,154152528.0,18.57,-10.16,-4.55,16.75
2024-02-08,688627,39.85,48.3,48.3,39.13,28422,126583402.0,22.78,20.0,8.05,13.35
2024-02-19,688627,49.71,50.8,52.0,48.23,25391,127545034.0,7.81,5.18,2.5,11.93
2024-02-20,688627,50.63,52.7,55.13,50.63,26080,137069669.0,8.86,3.74,1.9,12.25
2024-02-21,688627,52.5,53.69,56.0,50.0,27238,145780726.0,11.39,1.88,0.99,12.8
2024-02-22,688627,53.69,55.92,56.0,52.57,19753,107134803.0,6.39,4.15,2.23,9.28
2024-02-23,688627,56.37,57.0,57.44,55.0,22647,127125589.0,4.36,1.93,1.08,10.64
2024-02-26,688627,58.0,62.0,66.8,56.13,37706,226724667.0,18.72,8.77,5.0,17.72
2024-02-27,688627,61.3,65.44,65.68,60.6,34393,218885707.0,8.19,5.55,3.44,16.16
2024-02-28,688627,65.27,57.7,65.4,56.33,38695,236954217.0,13.86,-11.83,-7.74,18.18
2024-02-29,688627,56.19,62.5,62.68,56.19,27973,169708570.0,11.25,8.32,4.8,13.14
2024-03-01,688627,63.99,62.13,64.01,60.6,16365,101481067.0,5.46,-0.59,-0.37,7.69
2024-03-04,688627,62.5,64.89,67.17,61.85,30070,194494547.0,8.56,4.44,2.76,14.13
2024-03-05,688627,63.0,62.39,64.8,61.03,23064,145085625.0,5.81,-3.85,-2.5,10.84
2024-03-06,688627,61.78,61.08,62.39,59.31,17092,103885885.0,4.94,-2.1,-1.31,8.03
2024-03-07,688627,62.0,59.87,63.83,59.47,16862,104041705.0,7.14,-1.98,-1.21,7.92
2024-03-08,688627,60.3,62.89,63.33,59.33,16569,102637485.0,6.68,5.04,3.02,7.78
2024-03-11,688627,62.5,69.95,70.25,61.0,32827,216046807.0,14.71,11.23,7.06,15.42
2024-03-12,688627,68.18,72.18,76.93,68.1,40809,292474808.0,12.62,3.19,2.23,19.17
2024-03-13,688627,75.8,75.0,78.0,71.5,43321,323763838.0,9.01,3.91,2.82,20.35
2024-03-14,688627,73.0,72.0,75.76,70.2,27888,203325782.0,7.41,-4.0,-3.0,13.1
2024-03-15,688627,71.0,74.79,75.3,70.0,21556,157243442.0,7.36,3.88,2.79,10.13
2024-03-18,688627,74.0,72.94,77.85,71.81,23110,171595664.0,8.08,-2.47,-1.85,10.86
2024-03-19,688627,72.01,73.8,75.99,71.3,21857,161718680.0,6.43,1.18,0.86,10.27
2024-03-20,688627,73.4,73.08,75.28,71.11,17848,130172858.0,5.65,-0.98,-0.72,8.39
2024-03-21,688627,77.0,75.28,78.0,74.7,29046,221739999.0,4.52,3.01,2.2,13.65
2024-03-22,688627,75.39,77.0,81.06,74.58,27595,216838384.0,8.61,2.28,1.72,12.97
2024-03-25,688627,77.0,70.95,77.0,70.95,22001,161032309.0,7.86,-7.86,-6.05,10.34
2024-03-26,688627,70.99,70.1,73.2,69.0,11763,83246040.0,5.92,-1.2,-0.85,5.53
2024-03-27,688627,70.0,66.61,70.86,66.61,13014,88519665.0,6.06,-4.98,-3.49,6.11
2024-03-28,688627,65.99,67.77,69.8,65.99,14139,96213501.0,5.72,1.74,1.16,6.64
2024-03-29,688627,67.7,69.36,70.91,66.81,16098,110316410.0,6.05,2.35,1.59,7.56
2024-04-01,688627,68.9,68.92,69.97,68.07,9845,67922595.0,2.74,-0.63,-0.44,4.63
2024-04-02,688627,69.9,67.79,70.7,67.5,8386,57813840.0,4.64,-1.64,-1.13,3.94
2024-04-03,688627,67.0,69.62,72.98,66.97,19259,134723282.0,8.87,2.7,1.83,9.05
2024-04-08,688627,68.1,69.92,70.75,67.0,12493,86681718.0,5.39,0.43,0.3,5.87
2024-04-09,688627,70.39,69.92,71.68,68.19,7926,55388115.0,4.99,0.0,0.0,3.72
2024-04-10,688627,69.01,63.67,69.5,62.69,18735,121338783.0,9.74,-8.94,-6.25,8.8
2024-04-11,688627,63.7,60.95,65.16,60.88,15938,99892856.0,6.72,-4.27,-2.72,7.49
2024-04-12,688627,61.0,59.1,62.3,58.51,17756,106870218.0,6.22,-3.04,-1.85,8.34
2024-04-15,688627,58.23,57.27,60.76,55.57,15553,90426345.0,8.78,-3.1,-1.83,7.31
2024-04-16,688627,56.23,50.88,57.25,50.58,19796,103564113.0,11.65,-11.16,-6.39,9.3
2024-04-17,688627,53.36,56.78,57.32,53.0,19077,106215634.0,8.49,11.6,5.9,8.96
2024-04-18,688627,55.68,57.35,58.95,55.68,16723,95995851.0,5.76,1.0,0.57,7.86
2024-04-19,688627,56.7,55.0,57.84,54.3,13662,75814300.0,6.17,-4.1,-2.35,6.42
2024-04-22,688627,53.53,53.83,54.9,51.58,9557,51208162.0,6.04,-2.13,-1.17,4.49
2024-04-23,688627,54.0,55.32,55.8,53.71,9304,51046037.0,3.88,2.77,1.49,4.37
2024-04-24,688627,55.0,58.19,58.35,55.0,11689,66745715.0,6.06,5.19,2.87,5.49
2024-04-25,688627,57.74,59.18,60.5,57.5,13282,78850942.0,5.16,1.7,0.99,6.24
2024-04-26,688627,58.0,59.78,61.82,57.14,29260,172398672.0,7.91,1.01,0.6,13.75
2024-04-29,688627,59.47,61.21,61.48,58.0,16863,101457373.0,5.82,2.39,1.43,7.92
2024-04-30,688627,61.0,57.89,61.37,57.69,13261,78139728.0,6.01,-5.42,-3.32,6.23
2024-05-06,688627,58.0,57.81,59.23,57.37,12467,72496724.0,3.21,-0.14,-0.08,5.86
2024-05-07,688627,58.5,58.08,59.87,57.4,8155,47771691.0,4.27,0.47,0.27,3.83
2024-05-08,688627,57.97,54.67,58.37,54.49,11257,62920450.0,6.68,-5.87,-3.41,5.29
2024-05-09,688627,54.99,54.0,55.8,53.75,11283,61722533.0,3.75,-1.23,-0.67,5.3
2024-05-10,688627,54.3,51.78,54.3,51.5,12038,62751014.0,5.19,-4.11,-2.22,5.66
2024-05-13,688627,51.3,49.64,51.49,47.9,21419,105714668.0,6.93,-4.13,-2.14,10.06
2024-05-14,688627,50.24,51.99,52.43,49.02,15974,80904378.0,6.87,4.73,2.35,7.51
2024-05-15,688627,51.72,51.18,53.65,50.51,12979,67530615.0,6.04,-1.56,-0.81,6.1
2024-05-16,688627,51.5,50.96,52.69,50.82,9376,48215688.0,3.65,-0.43,-0.22,4.41
2024-05-17,688627,54.92,53.77,55.38,50.99,16348,87013649.0,8.61,5.51,2.81,7.68
2024-05-20,688627,53.64,53.5,56.88,53.0,15996,86615239.0,7.22,-0.5,-0.27,7.52
2024-05-21,688627,53.39,51.66,53.5,51.5,10962,57134788.0,3.74,-3.44,-1.84,5.15
2024-05-22,688627,52.18,53.55,53.76,51.16,10503,55087390.0,5.03,3.66,1.89,4.93
2024-05-23,688627,54.0,52.5,54.0,52.5,8531,45420979.0,2.8,-1.96,-1.05,4.01
2024-05-24,688627,52.35,49.63,52.54,49.63,10719,54390166.0,5.54,-5.47,-2.87,5.04
2024-05-27,688627,49.72,51.88,51.98,46.7,18938,92272096.0,10.64,4.53,2.25,8.9
2024-05-28,688627,51.55,52.4,56.0,50.32,24537,130154864.0,10.95,1.0,0.52,11.53
2024-05-29,688627,51.65,50.7,53.0,50.36,16868,87052885.0,5.04,-3.24,-1.7,7.93
2024-05-30,688627,51.15,52.19,53.32,49.3,12506,65001583.0,7.93,2.94,1.49,5.88
2024-05-31,688627,51.8,51.66,53.34,51.51,10573,55423878.0,3.51,-1.02,-0.53,4.97
2024-06-03,688627,52.03,51.36,53.7,50.67,12762,66615646.0,5.87,-0.58,-0.3,6.0
2024-06-04,688627,51.0,47.8,51.23,47.0,18194,88182977.0,8.24,-6.93,-3.56,8.55
2024-06-05,688627,48.0,46.95,49.22,46.78,13888,66813738.0,5.1,-1.78,-0.85,6.53
2024-06-06,688627,47.2,45.7,48.58,45.23,14068,65737474.0,7.14,-2.66,-1.25,6.61
2024-06-07,688627,46.5,46.41,46.98,45.01,10648,49154702.0,4.31,1.55,0.71,5.0
2024-06-11,688627,46.4,53.0,54.29,45.3,29439,148727778.0,19.37,14.2,6.59,13.83
2024-06-12,688627,51.9,52.0,53.86,51.72,16010,84187800.0,4.04,-1.89,-1.0,7.52
2024-06-13,688627,53.6,54.68,55.85,52.57,27103,147669204.0,6.31,5.15,2.68,12.73
2024-06-14,688627,54.45,52.98,54.73,51.77,14785,77990443.0,5.41,-3.11,-1.7,6.95
2024-06-17,688627,52.94,51.84,52.94,50.7,14245,74071491.0,4.23,-2.15,-1.14,6.69
2024-06-18,688627,52.38,52.1,53.6,51.58,13613,71341933.0,3.9,0.5,0.26,6.4
2024-06-19,688627,52.6,53.22,53.81,50.0,22631,117831403.0,7.31,2.15,1.12,10.63
2024-06-20,688627,52.68,53.5,55.79,52.68,24305,131862649.0,5.84,0.53,0.28,11.42
2024-06-21,688627,52.38,51.36,52.69,51.12,15006,77685278.0,2.93,-4.0,-2.14,7.05
2024-06-24,688627,51.3,47.75,51.4,47.7,14565,72108590.0,7.2,-7.03,-3.61,6.84
2024-06-25,688627,48.4,46.15,48.69,45.93,10957,51598827.0,5.78,-3.35,-1.6,5.15
2024-06-26,688627,46.4,47.36,47.79,46.3,7771,36662018.0,3.23,2.62,1.21,3.65
2024-06-27,688627,47.36,46.11,48.0,45.55,9475,44425994.0,5.17,-2.64,-1.25,4.45
2024-06-28,688627,45.8,46.42,47.48,45.7,10721,49996227.0,3.86,0.67,0.31,5.04
2024-07-01,688627,46.0,44.65,46.0,43.13,10665,47325158.0,6.18,-3.81,-1.77,5.01
2024-07-02,688627,44.6,42.29,44.6,42.0,10437,45021472.0,5.82,-5.29,-2.36,4.9
2024-07-03,688627,41.99,42.63,43.5,41.03,8204,34688386.0,5.84,0.8,0.34,3.85
2024-07-04,688627,42.4,40.15,42.79,40.01,8977,36885836.0,6.52,-5.82,-2.48,4.22
2024-07-05,688627,39.89,39.3,39.98,38.58,8632,33810795.0,3.49,-2.12,-0.85,4.06
2024-07-08,688627,39.18,37.45,39.26,37.3,9024,34423056.0,4.99,-4.71,-1.85,4.24
2024-07-09,688627,38.12,38.8,39.0,37.0,9482,36181326.0,5.34,3.6,1.35,4.46
2024-07-10,688627,38.58,39.33,40.6,38.0,10174,40442010.0,6.7,1.37,0.53,4.78
2024-07-11,688627,41.5,41.0,41.98,39.93,11266,46111665.0,5.21,4.25,1.67,5.29
2024-07-12,688627,41.0,42.43,42.95,40.68,13169,55408447.0,5.54,3.49,1.43,6.19
2024-07-15,688627,41.5,41.83,43.43,41.5,9412,39992083.0,4.55,-1.41,-0.6,4.42
2024-07-16,688627,41.82,42.7,42.91,40.9,7921,33365224.0,4.81,2.08,0.87,3.72
2024-07-17,688627,42.32,42.3,43.64,41.8,7605,32488544.0,4.31,-0.94,-0.4,3.57
2024-07-18,688627,43.5,45.91,46.68,42.54,21952,98242561.0,9.79,8.53,3.61,3.07
2024-07-19,688627,45.05,45.86,47.1,45.05,10551,48865528.0,4.47,-0.11,-0.05,1.48
2024-07-22,688627,45.86,46.78,48.19,45.86,11004,51991568.0,5.08,2.01,0.92,1.54
2024-07-23,688627,46.34,44.4,46.53,44.0,9285,41976390.0,5.41,-5.09,-2.38,1.3
2024-07-24,688627,43.7,43.38,44.6,43.02,7615,33241761.0,3.56,-2.3,-1.02,1.07
2024-07-25,688627,42.42,43.63,44.58,42.42,7315,31803054.0,4.98,0.58,0.25,1.02
2024-07-26,688627,43.29,43.79,44.29,43.0,6239,27217632.0,2.96,0.37,0.16,0.87
2024-07-29,688627,44.39,43.58,44.58,42.83,6555,28532132.0,4.0,-0.48,-0.21,0.92
2024-07-30,688627,43.54,45.91,46.78,42.46,12698,57362004.0,9.91,5.35,2.33,1.78
2024-07-31,688627,45.83,48.1,48.46,44.15,13593,63496528.0,9.39,4.77,2.19,1.9
2024-08-01,688627,48.5,49.52,51.2,48.5,17013,84911558.0,5.61,2.95,1.42,2.38
2024-08-02,688627,47.7,47.83,50.0,47.35,9596,46768855.0,5.35,-3.41,-1.69,1.34
2024-08-05,688627,47.14,43.68,47.59,43.6,11559,52634191.0,8.34,-8.68,-4.15,1.62
2024-08-06,688627,44.59,45.03,45.44,44.16,6614,29608737.0,2.93,3.09,1.35,0.93
2024-08-07,688627,45.03,43.56,45.53,43.49,7943,35267553.0,4.53,-3.26,-1.47,1.11
2024-08-08,688627,43.56,43.53,45.17,42.2,10786,47015036.0,6.82,-0.07,-0.03,1.51
2024-08-09,688627,44.66,42.7,45.07,42.61,7953,34714207.0,5.65,-1.91,-0.83,1.11
2024-08-12,688627,42.31,41.15,42.81,40.7,9487,39199656.0,4.94,-3.63,-1.55,1.33
2024-08-13,688627,40.9,41.84,41.9,40.85,7218,29795659.0,2.55,1.68,0.69,1.01
2024-08-14,688627,41.84,42.12,43.07,41.4,5134,21702831.0,3.99,0.67,0.28,0.72
2024-08-15,688627,41.65,41.86,43.0,41.45,5442,22952637.0,3.68,-0.62,-0.26,0.76
2024-08-16,688627,42.19,42.32,43.1,41.71,6435,27383546.0,3.32,1.1,0.46,0.9
2024-08-19,688627,42.32,40.6,42.77,40.43,8311,34447924.0,5.53,-4.06,-1.72,1.16
2024-08-20,688627,40.89,39.85,41.02,39.8,5556,22287371.0,3.0,-1.85,-0.75,0.78
2024-08-21,688627,39.87,39.44,40.69,39.34,6139,24559531.0,3.39,-1.03,-0.41,0.86
2024-08-22,688627,39.62,38.73,39.91,38.6,5273,20634347.0,3.32,-1.8,-0.71,0.74
2024-08-23,688627,38.69,37.99,38.93,37.72,7589,28944837.0,3.12,-1.91,-0.74,1.06
2024-08-26,688627,38.16,38.77,38.99,37.58,5091,19544616.0,3.71,2.05,0.78,0.71
2024-08-27,688627,40.35,40.3,41.29,39.18,18641,74800345.0,5.44,3.95,1.53,2.61
2024-08-28,688627,40.02,39.68,40.93,39.61,8210,32994771.0,3.28,-1.54,-0.62,1.15
2024-08-29,688627,39.6,41.03,41.38,39.6,7727,31430256.0,4.49,3.4,1.35,1.08
2024-08-30,688627,41.13,43.3,44.49,41.13,19653,85420342.0,8.19,5.53,2.27,2.75
2024-09-02,688627,43.1,40.93,43.65,40.92,9268,39078636.0,6.3,-5.47,-2.37,1.3
2024-09-03,688627,41.07,41.48,42.6,40.98,8827,36961686.0,3.96,1.34,0.55,1.24
2024-09-04,688627,40.92,42.33,42.74,40.53,8319,34866577.0,5.33,2.05,0.85,1.16
2024-09-05,688627,41.85,42.6,43.56,41.62,7281,31138404.0,4.58,0.64,0.27,1.02
2024-09-06,688627,43.0,40.83,43.0,40.76,6960,28794057.0,5.26,-4.15,-1.77,0.97
2024-09-09,688627,41.0,39.54,41.49,39.23,5972,23852328.0,5.54,-3.16,-1.29,0.84
2024-09-10,688627,39.69,39.74,40.01,38.9,9377,37022342.0,2.81,0.51,0.2,1.31
2024-09-11,688627,39.68,39.1,40.0,38.99,5584,22062969.0,2.54,-1.61,-0.64,0.78
2024-09-12,688627,39.31,38.38,39.82,38.33,5079,19839806.0,3.81,-1.84,-0.72,0.71
2024-09-13,688627,38.53,37.91,38.74,37.1,11565,43889210.0,4.27,-1.22,-0.47,1.62
2024-09-18,688627,37.47,37.67,38.14,36.77,5450,20443770.0,3.61,-0.63,-0.24,0.76
2024-09-19,688627,38.39,38.5,39.28,37.35,5772,22213765.0,5.12,2.2,0.83,0.81
2024-09-20,688627,38.47,38.6,39.16,38.2,6051,23342297.0,2.49,0.26,0.1,0.85
2024-09-23,688627,38.25,38.2,38.88,37.87,4398,16892763.0,2.62,-1.04,-0.4,0.62
2024-09-24,688627,38.54,40.13,40.44,36.7,13137,51125283.0,9.79,5.05,1.93,1.84
2024-09-25,688627,40.37,40.79,42.22,40.37,11213,46332255.0,4.61,1.64,0.66,1.57
2024-09-26,688627,40.38,42.47,42.6,40.2,7014,29201184.0,5.88,4.12,1.68,0.98
2024-09-27,688627,43.85,47.12,47.25,42.6,9561,42682714.0,10.95,10.95,4.65,1.34
2024-09-30,688627,49.6,53.81,54.56,49.6,27559,143871499.0,10.53,14.2,6.69,3.86
2024-10-08,688627,64.57,64.54,64.57,59.8,33595,212915568.0,8.86,19.94,10.73,4.7
2024-10-09,688627,60.07,62.23,69.94,59.69,50134,319545526.0,15.88,-3.58,-2.31,7.02
2024-10-10,688627,64.0,61.99,67.15,61.88,43790,283886862.0,8.47,-0.39,-0.24,6.13
2024-10-11,688627,59.81,55.13,61.8,53.01,41129,228280481.0,14.18,-11.07,-6.86,5.76
2024-10-14,688627,55.3,56.2,56.5,50.5,32237,172661295.0,10.88,1.94,1.07,4.51
2024-10-15,688627,56.0,57.35,60.68,55.22,32511,191095493.0,9.72,2.05,1.15,4.55
2024-10-16,688627,54.95,58.31,59.71,54.0,17502,100902172.0,9.96,1.67,0.96,2.45
2024-10-17,688627,59.0,59.98,64.36,58.32,27300,167683657.0,10.36,2.86,1.67,3.82
2024-10-18,688627,59.8,67.5,69.0,59.7,40872,266535136.0,15.51,12.54,7.52,5.72
2024-10-21,688627,68.22,66.17,72.0,65.87,39391,269791702.0,9.08,-1.97,-1.33,5.52
2024-10-22,688627,65.99,64.7,66.04,63.29,21033,136061374.0,4.16,-2.22,-1.47,2.95
2024-10-23,688627,64.5,64.71,68.5,63.71,18598,122823166.0,7.4,0.02,0.01,2.6
2024-10-24,688627,64.7,64.76,66.29,63.0,14418,93817903.0,5.08,0.08,0.05,2.02
2024-10-25,688627,65.12,64.8,66.57,64.0,7643,49543200.0,3.97,0.06,0.04,1.07
2024-10-28,688627,65.2,66.25,66.32,63.0,8735,56799022.0,5.12,2.24,1.45,1.22
2024-10-29,688627,65.0,66.88,67.0,61.0,24488,156080686.0,9.06,0.95,0.63,3.43
2024-10-30,688627,63.01,67.77,68.3,63.01,16387,107992313.0,7.91,1.33,0.89,2.29
2024-10-31,688627,67.09,72.02,74.8,67.09,24064,170262138.0,11.38,6.27,4.25,3.37
2024-11-01,688627,71.0,68.49,71.73,66.5,17927,123387757.0,7.26,-4.9,-3.53,2.51
2024-11-04,688627,67.76,69.72,70.58,67.01,10842,75283042.0,5.21,1.8,1.23,1.52
2024-11-05,688627,70.0,74.5,74.63,69.12,19132,136961162.0,7.9,6.86,4.78,2.68
2024-11-06,688627,73.93,80.48,87.47,72.6,37418,301680677.0,19.96,8.03,5.98,5.24
2024-11-07,688627,80.77,82.0,86.94,80.0,25396,212299432.0,8.62,1.89,1.52,3.56
2024-11-08,688627,86.0,89.0,90.88,82.6,30243,266854886.0,10.1,8.54,7.0,4.24
2024-11-11,688627,93.75,95.45,100.0,89.2,39981,377374473.0,12.13,7.25,6.45,5.6
2024-11-12,688627,98.0,89.99,98.0,86.18,45371,402046847.0,12.38,-5.72,-5.46,6.35
2024-11-13,688627,89.5,84.73,89.66,84.64,25008,215641843.0,5.58,-5.85,-5.26,3.5
2024-11-14,688627,85.0,84.75,87.83,82.5,18918,162110137.0,6.29,0.02,0.02,2.65
2024-11-15,688627,84.75,77.48,85.29,76.99,22439,180810141.0,9.79,-8.58,-7.27,3.14
2024-11-18,688627,78.5,75.97,79.0,73.38,19412,147561763.0,7.25,-1.95,-1.51,2.72
2024-11-19,688627,79.0,77.6,79.0,73.36,22784,172584028.0,7.42,2.15,1.63,3.19
2024-11-20,688627,77.86,79.7,80.31,76.06,21588,168689267.0,5.48,2.71,2.1,3.02
2024-11-21,688627,79.0,86.5,87.88,77.96,28841,244229711.0,12.45,8.53,6.8,4.04
2024-11-22,688627,86.4,84.3,90.18,83.2,21563,188319533.0,8.07,-2.54,-2.2,3.02
2024-11-25,688627,86.18,84.37,91.8,80.6,27455,234945678.0,13.29,0.08,0.07,3.84
2024-11-26,688627,83.53,81.3,86.5,80.62,11136,91988183.0,6.97,-3.64,-3.07,1.56
2024-11-27,688627,79.04,80.66,80.88,74.8,25100,195369609.0,7.48,-0.79,-0.64,3.51
2024-11-28,688627,79.11,83.6,85.2,78.36,24249,200364233.0,8.48,3.64,2.94,3.4
2024-11-29,688627,82.38,85.0,86.67,80.51,24724,207074434.0,7.37,1.67,1.4,3.46
2024-12-02,688627,84.46,83.2,86.2,82.31,19410,163003191.0,4.58,-2.12,-1.8,2.72
2024-12-03,688627,88.0,81.08,89.97,80.18,32549,279916687.0,11.77,-2.55,-2.12,4.56
2024-12-04,688627,81.8,79.13,85.0,77.7,14212,115224216.0,9.0,-2.41,-1.95,1.99
2024-12-05,688627,78.19,78.59,80.62,77.01,19171,151047080.0,4.56,-0.68,-0.54,2.68
2024-12-06,688627,79.8,78.69,81.03,78.01,12878,101882216.0,3.84,0.13,0.1,1.8
2024-12-09,688627,78.3,73.8,78.97,73.41,23506,177173184.0,7.07,-6.21,-4.89,3.29
2024-12-10,688627,77.0,73.66,77.99,73.12,20326,150737584.0,6.6,-0.19,-0.14,2.85
2024-12-11,688627,73.77,74.67,76.2,72.96,9640,72000747.0,4.4,1.37,1.01,1.35
2024-12-12,688627,74.1,74.67,76.5,73.12,12496,93356552.0,4.53,0.0,0.0,1.75
2024-12-13,688627,74.2,73.15,75.79,73.13,13456,100132339.0,3.56,-2.04,-1.52,1.88
2024-12-16,688627,73.2,71.1,73.21,70.0,15214,108000378.0,4.39,-2.8,-2.05,2.13
2024-12-17,688627,70.77,70.68,72.2,69.66,13299,94109763.0,3.57,-0.59,-0.42,1.86
2024-12-18,688627,70.82,76.5,76.77,69.15,22202,164453363.0,10.78,8.23,5.82,3.11
2024-12-19,688627,75.19,78.77,79.5,74.78,18863,147113621.0,6.17,2.97,2.27,2.64
2024-12-20,688627,78.39,84.0,85.0,77.12,30966,255733212.0,10.0,6.64,5.23,4.34
2024-12-23,688627,83.85,77.9,86.66,77.5,25609,209543467.0,10.9,-7.26,-6.1,3.59
2024-12-24,688627,78.56,80.3,81.7,77.0,17468,139167626.0,6.03,3.08,2.4,2.45
2024-12-25,688627,79.58,82.0,83.17,77.0,22596,181037367.0,7.68,2.12,1.7,3.16
2024-12-26,688627,80.87,82.16,85.2,79.4,25027,206181684.0,7.07,0.2,0.16,3.5
2024-12-27,688627,82.49,79.27,82.49,76.71,21628,171117369.0,7.04,-3.52,-2.89,3.03
2024-12-30,688627,78.86,76.82,79.68,76.58,11697,91094302.0,3.91,-3.09,-2.45,1.64
2024-12-31,688627,76.82,72.91,77.18,72.88,13507,100954444.0,5.6,-5.09,-3.91,1.89
2025-01-02,688627,72.91,69.65,72.91,69.2,15655,110075432.0,5.09,-4.47,-3.26,2.19
2025-01-03,688627,69.73,64.58,69.73,63.82,13308,89211502.0,8.49,-7.28,-5.07,1.86
2025-01-06,688627,67.1,67.42,68.86,64.06,25467,171326628.0,7.43,4.4,2.84,3.57
2025-01-07,688627,68.0,71.63,71.75,66.99,18141,124967774.0,7.06,6.24,4.21,2.54
2025-01-08,688627,70.0,69.7,72.27,67.42,13520,94058475.0,6.77,-2.69,-1.93,1.89
2025-01-09,688627,69.13,70.21,72.8,69.13,13099,92813319.0,5.27,0.73,0.51,1.83
2025-01-10,688627,71.51,73.43,75.55,69.4,21582,159066545.0,8.76,4.59,3.22,3.02
2025-01-13,688627,72.0,74.61,75.38,71.61,10688,79106210.0,5.13,1.61,1.18,1.5
2025-01-14,688627,75.03,78.83,80.71,74.4,18700,145840269.0,8.46,5.66,4.22,2.62
2025-01-15,688627,78.8,77.9,79.43,77.35,12168,95339710.0,2.64,-1.18,-0.93,1.7
2025-01-16,688627,78.31,78.49,80.87,78.0,9825,77791410.0,3.68,0.76,0.59,1.38
2025-01-17,688627,78.0,79.44,80.78,77.27,10741,85375498.0,4.47,1.21,0.95,1.5
2025-01-20,688627,81.0,76.29,81.66,73.0,27051,204713131.0,10.9,-3.97,-3.15,3.79
2025-01-21,688627,75.69,74.9,75.69,72.15,19077,140627413.0,4.64,-1.82,-1.39,2.67
2025-01-22,688627,73.88,74.0,75.46,73.04,10736,79398510.0,3.23,-1.2,-0.9,1.5
2025-01-23,688627,74.0,71.85,75.57,70.73,16968,123054883.0,6.54,-2.91,-2.15,2.38
2025-01-24,688627,71.27,72.41,73.19,71.01,11189,81035713.0,3.03,0.78,0.56,1.57
2025-01-27,688627,72.89,70.87,72.89,70.25,7563,54088846.0,3.65,-2.13,-1.54,1.06
2025-02-05,688627,72.0,74.82,75.5,71.12,13765,101691969.0,6.18,5.57,3.95,1.93
2025-02-06,688627,74.85,80.2,80.8,73.98,26370,208296302.0,9.12,7.19,5.38,3.69
2025-02-07,688627,81.81,84.99,87.68,81.81,29479,249801827.0,7.32,5.97,4.79,4.13
2025-02-10,688627,85.01,90.91,93.0,82.35,28136,245083325.0,12.53,6.97,5.92,3.94
2025-02-11,688627,92.58,86.3,93.5,86.01,31744,283056597.0,8.24,-5.07,-4.61,4.45
2025-02-12,688627,88.82,84.5,88.82,83.08,24221,203752610.0,6.65,-2.09,-1.8,3.39
2025-02-13,688627,85.0,79.36,85.0,78.85,28987,233261657.0,7.28,-6.08,-5.14,4.06
2025-02-14,688627,79.0,79.29,80.2,77.53,15974,126061299.0,3.36,-0.09,-0.07,2.24
2025-02-17,688627,81.37,81.2,82.37,79.51,22623,184124846.0,3.61,2.41,1.91,3.17
2025-02-18,688627,81.11,81.57,84.48,80.5,22204,183946883.0,4.9,0.46,0.37,3.11
2025-02-19,688627,81.59,84.17,84.19,81.3,25490,212103198.0,3.54,3.19,2.6,3.57
2025-02-20,688627,84.0,81.85,84.17,81.38,12786,105456710.0,3.31,-2.76,-2.32,1.79
2025-02-21,688627,81.86,81.99,82.35,79.25,22970,185337879.0,3.79,0.17,0.14,3.22
2025-02-24,688627,82.3,84.14,86.45,81.12,25728,215760017.0,6.5,2.62,2.15,3.6
2025-02-25,688627,83.0,82.48,85.72,81.5,23040,192722013.0,5.02,-1.97,-1.66,3.23
2025-02-26,688627,82.08,79.57,82.68,78.6,25920,207005554.0,4.95,-3.53,-2.91,3.63
2025-02-27,688627,79.52,78.76,81.77,76.3,31606,248898106.0,6.87,-1.02,-0.81,4.43
2025-02-28,688627,80.0,77.54,81.24,75.15,29429,228704581.0,7.73,-1.55,-1.22,4.12
2025-03-03,688627,76.11,76.04,78.03,75.3,14223,108999938.0,3.52,-1.93,-1.5,1.99
2025-03-04,688627,75.37,75.99,77.58,75.17,12039,91846649.0,3.17,-0.07,-0.05,1.69
2025-03-05,688627,75.61,75.3,76.97,72.85,15655,116589717.0,5.42,-0.91,-0.69,2.19
2025-03-06,688627,75.63,81.88,82.53,75.63,30660,244777369.0,9.16,8.74,6.58,4.29
2025-03-07,688627,81.33,78.59,81.33,77.65,10763,85814625.0,4.49,-4.02,-3.29,1.51
2025-03-10,688627,79.08,77.67,80.0,76.61,13180,103726730.0,4.31,-1.17,-0.92,1.85
2025-03-11,688627,76.8,76.8,77.7,74.74,10348,78693833.0,3.81,-1.12,-0.87,1.45
2025-03-12,688627,77.24,75.1,77.6,74.02,18804,141212077.0,4.66,-2.21,-1.7,2.63
2025-03-13,688627,74.33,73.0,74.75,72.5,11660,85484611.0,3.0,-2.8,-2.1,1.63
2025-03-14,688627,73.99,74.22,75.89,72.5,14484,107364278.0,4.64,1.67,1.22,2.03
2025-03-17,688627,74.66,75.38,76.48,73.81,11888,89734512.0,3.6,1.56,1.16,1.66
2025-03-18,688627,75.62,74.5,76.73,74.0,17447,130919396.0,3.62,-1.17,-0.88,2.44
2025-03-19,688627,74.54,73.38,74.99,73.0,9238,68058401.0,2.67,-1.5,-1.12,1.29
2025-03-20,688627,73.38,74.41,76.2,72.39,13129,97935967.0,5.19,1.4,1.03,1.84
2025-03-21,688627,74.0,70.8,74.23,68.93,24975,177694879.0,7.12,-4.85,-3.61,3.5
2025-03-24,688627,68.12,72.73,72.9,68.12,22868,163204706.0,6.75,2.73,1.93,3.2
2025-03-25,688627,72.73,71.76,73.6,71.22,10812,78390792.0,3.27,-1.33,-0.97,1.51
2025-03-26,688627,71.5,71.88,72.2,70.36,7995,57046150.0,2.56,0.17,0.12,1.12
2025-03-27,688627,71.07,71.72,73.29,70.5,7762,55878320.0,3.88,-0.22,-0.16,1.09
2025-03-28,688627,71.03,70.77,74.5,70.73,9900,71510262.0,5.26,-1.32,-0.95,1.39
2025-03-31,688627,70.07,71.14,71.8,68.68,13111,91452306.0,4.41,0.52,0.37,1.84
2025-04-01,688627,70.97,74.15,75.38,70.89,13226,97001530.0,6.31,4.23,3.01,1.85
2025-04-02,688627,73.89,75.08,76.79,73.0,14839,111772653.0,5.11,1.25,0.93,2.08
2025-04-03,688627,73.96,72.83,76.9,72.01,7365,54583701.0,6.51,-3.0,-2.25,1.03
2025-04-07,688627,68.01,65.5,69.42,59.0,16257,106401529.0,14.31,-10.06,-7.33,2.28
2025-04-08,688627,66.16,62.0,67.99,60.18,20133,126756347.0,11.92,-5.34,-3.5,2.82
2025-04-09,688627,60.58,63.95,65.56,59.01,23898,151136395.0,10.56,3.15,1.95,3.35
2025-04-10,688627,64.64,67.33,68.5,64.2,12191,82029007.0,6.72,5.29,3.38,1.71
2025-04-11,688627,66.66,70.43,74.49,66.28,22032,156540577.0,12.19,4.6,3.1,3.09
2025-04-14,688627,71.0,72.5,74.8,69.47,23114,165459451.0,7.57,2.94,2.07,3.24
2025-04-15,688627,71.98,68.04,72.38,67.69,19580,135246350.0,6.47,-6.15,-4.46,2.74
2025-04-16,688627,67.52,68.46,70.84,67.4,12876,88647616.0,5.06,0.62,0.42,1.8
2025-04-17,688627,68.16,68.8,71.99,67.36,16724,117822301.0,6.76,0.5,0.34,2.34
2025-04-18,688627,68.9,67.78,69.54,67.37,9872,67142252.0,3.15,-1.48,-1.02,1.38
2025-04-21,688627,68.3,70.18,70.5,67.37,9116,63200953.0,4.62,3.54,2.4,1.28
2025-04-22,688627,69.87,69.21,70.34,68.58,8943,61959775.0,2.51,-1.38,-0.97,1.25
2025-04-23,688627,69.21,71.66,72.08,67.2,16312,114059761.0,7.05,3.54,2.45,2.28
2025-04-24,688627,71.68,73.9,75.0,70.66,20915,154063292.0,6.06,3.13,2.24,2.93
2025-04-25,688627,74.78,72.9,74.78,72.01,7551,55105077.0,3.75,-1.35,-1.0,1.06
2025-04-28,688627,74.21,75.0,78.08,73.28,23955,181321611.0,6.58,2.88,2.1,3.35
2025-04-29,688627,73.44,74.24,74.86,73.17,10319,76184056.0,2.25,-1.01,-0.76,1.44
2025-04-30,688627,74.3,74.92,75.8,74.14,9234,69286289.0,2.24,0.92,0.68,1.29
2025-05-06,688627,77.5,78.06,79.91,76.5,22854,178892076.0,4.55,4.19,3.14,3.2
2025-05-07,688627,78.83,76.64,79.99,75.63,12843,99400142.0,5.59,-1.82,-1.42,1.8
2025-05-08,688627,75.0,76.12,77.54,75.0,9571,72903850.0,3.31,-0.68,-0.52,1.34
2025-05-09,688627,75.97,72.18,75.97,72.13,16164,118501109.0,5.04,-5.18,-3.94,2.26
2025-05-12,688627,73.0,72.56,74.93,71.98,11039,80625788.0,4.09,0.53,0.38,1.55
2025-05-13,688627,73.0,71.37,74.45,71.36,15465,112414952.0,4.26,-1.64,-1.19,2.17
2025-05-14,688627,71.8,70.31,75.0,70.0,20155,144952411.0,7.01,-1.49,-1.06,2.82
2025-05-15,688627,70.36,68.25,70.44,68.14,11918,82153998.0,3.27,-2.93,-2.06,1.67
2025-05-16,688627,68.94,71.13,71.64,68.62,14896,104836306.0,4.42,4.22,2.88,2.09
2025-05-19,688627,71.71,74.51,75.4,71.28,23114,170244941.0,5.79,4.75,3.38,3.24
2025-05-20,688627,75.2,73.12,75.2,72.88,10794,79323236.0,3.11,-1.87,-1.39,1.51
2025-05-21,688627,73.12,72.0,73.99,71.65,7449,53803532.0,3.2,-1.53,-1.12,1.04
2025-05-22,688627,72.32,74.08,75.5,72.2,21442,159799471.0,4.58,2.89,2.08,3.0
2025-05-23,688627,74.0,76.05,79.5,73.17,37102,287055842.0,8.54,2.66,1.97,5.2
2025-05-26,688627,76.06,79.66,80.72,76.06,31217,246671040.0,6.13,4.75,3.61,4.37
2025-05-27,688627,78.1,79.09,80.7,77.4,24106,190446305.0,4.14,-0.72,-0.57,3.38
2025-05-28,688627,79.99,79.01,79.99,78.21,8909,70445813.0,2.25,-0.1,-0.08,1.25
2025-05-29,688627,79.77,79.04,79.77,77.53,10661,83882966.0,2.84,0.04,0.03,1.49
2025-05-30,688627,78.5,77.87,79.56,77.78,7013,55083380.0,2.25,-1.48,-1.17,0.98
2025-06-03,688627,78.1,79.89,82.14,77.69,23454,187770833.0,5.71,2.59,2.02,3.28
2025-06-04,688627,79.2,80.3,82.53,79.2,19729,159791856.0,4.17,0.51,0.41,2.76
2025-06-05,688627,80.29,82.48,83.34,79.03,16035,130514219.0,5.37,2.71,2.18,2.25
2025-06-06,688627,81.5,82.59,83.36,81.16,12280,101078251.0,2.67,0.13,0.11,1.72
2025-06-09,688627,82.98,80.95,82.98,80.01,13793,111498226.0,3.6,-1.99,-1.64,1.93
2025-06-10,688627,81.0,77.12,81.0,76.5,19404,151621605.0,5.56,-4.73,-3.83,2.72
2025-06-11,688627,77.5,76.07,77.73,75.8,11623,89023998.0,2.5,-1.36,-1.05,1.63
2025-06-12,688627,76.14,74.7,76.64,74.21,11997,90215426.0,3.19,-1.8,-1.37,1.68
2025-06-13,688627,74.46,72.49,75.46,72.13,16777,123055908.0,4.46,-2.96,-2.21,2.35
2025-06-16,688627,72.35,72.72,72.9,71.68,16338,117880759.0,1.68,0.32,0.23,2.29
2025-06-17,688627,73.21,72.5,74.78,72.07,10273,75063688.0,3.73,-0.3,-0.22,1.44
2025-06-18,688627,72.03,74.2,74.49,71.7,12649,92620274.0,3.85,2.34,1.7,1.77
2025-06-19,688627,73.9,74.85,77.68,73.88,18412,139662978.0,5.12,0.88,0.65,2.58
2025-06-20,688627,77.0,79.98,80.88,75.63,39595,310271165.0,7.01,6.85,5.13,5.54
2025-06-23,688627,79.4,83.49,84.99,77.68,48406,402247079.0,9.14,4.39,3.51,6.78
2025-06-24,688627,84.0,86.14,86.48,83.05,47463,402931825.0,4.11,3.17,2.65,6.65
2025-06-25,688627,87.0,89.0,90.43,85.2,51451,450256990.0,6.07,3.32,2.86,7.2
2025-06-26,688627,89.0,89.5,90.88,86.72,32576,290043817.0,4.67,0.56,0.5,4.56
2025-06-27,688627,89.55,90.7,91.5,86.6,37559,335984400.0,5.47,1.34,1.2,5.26
2025-06-30,688627,90.97,88.01,92.36,87.99,43534,389634645.0,4.82,-2.97,-2.69,6.1
2025-07-01,688627,88.98,89.74,91.23,87.2,38949,347876620.0,4.58,1.97,1.73,5.45
2025-07-02,688627,89.5,87.49,89.5,85.88,28968,252702802.0,4.03,-2.51,-2.25,4.06
2025-07-03,688627,87.11,84.09,87.79,83.74,31343,266624184.0,4.63,-3.89,-3.4,4.39
2025-07-04,688627,84.1,85.62,88.0,82.24,36332,310282346.0,6.85,1.82,1.53,5.09
2025-07-07,688627,85.78,86.9,91.16,85.78,37589,334585615.0,6.28,1.49,1.28,5.26
2025-07-08,688627,93.5,86.66,93.5,85.97,58437,513670917.0,8.67,-0.28,-0.24,8.18
2025-07-09,688627,86.01,87.03,88.4,84.03,33329,286824009.0,5.04,0.43,0.37,4.67
2025-07-10,688627,87.01,90.5,92.8,87.01,40326,364633730.0,6.65,3.99,3.47,5.65
2025-07-11,688627,89.71,90.0,91.59,89.0,19069,171910477.0,2.86,-0.55,-0.5,2.67
2025-07-14,688627,89.59,91.42,93.71,88.22,38086,348910094.0,6.1,1.58,1.42,5.33
2025-07-15,688627,90.8,86.75,91.62,86.4,30044,264411942.0,5.71,-5.11,-4.67,4.21
2025-07-16,688627,87.01,86.5,88.34,85.5,17487,151932733.0,3.27,-0.29,-0.25,2.45
2025-07-17,688627,87.01,84.18,87.1,84.0,28796,243488758.0,3.58,-2.68,-2.32,4.03
2025-07-18,688627,84.18,84.01,85.5,83.5,17718,149064499.0,2.38,-0.2,-0.17,2.45
2025-07-21,688627,82.73,84.96,85.0,82.05,25298,211830024.0,3.51,1.13,0.95,3.5
2025-07-22,688627,84.3,83.1,86.94,83.07,25720,218227693.0,4.56,-2.19,-1.86,3.55
2025-07-23,688627,82.85,85.26,86.86,82.25,30574,259886016.0,5.55,2.6,2.16,4.23
2025-07-24,688627,84.4,86.2,88.77,84.4,30958,267539366.0,5.13,1.1,0.94,4.28
2025-07-25,688627,86.2,88.53,88.97,84.92,26815,232744389.0,4.7,2.7,2.33,3.71
2025-07-28,688627,90.0,88.51,90.0,87.11,27386,242484099.0,3.26,-0.02,-0.02,3.79
2025-07-29,688627,87.8,90.8,92.18,87.2,27177,246066879.0,5.63,2.59,2.29,3.76
2025-07-30,688627,89.95,90.12,91.96,88.9,25036,226142843.0,3.37,-0.75,-0.68,3.46
2025-07-31,688627,89.26,94.02,95.5,89.26,39478,371016566.0,6.92,4.33,3.9,5.46
2025-08-01,688627,95.0,94.04,97.66,92.82,33330,317509094.0,5.15,0.02,0.02,4.61
2025-08-04,688627,92.88,92.44,95.59,91.4,25362,234525945.0,4.46,-1.7,-1.6,3.51
2025-08-05,688627,92.11,91.11,92.6,90.58,18571,169590606.0,2.19,-1.44,-1.33,2.57
2025-08-06,688627,91.11,91.9,91.9,89.5,22017,199293511.0,2.63,0.87,0.79,3.04
2025-08-07,688627,91.71,89.4,92.7,89.15,19398,175339905.0,3.86,-2.72,-2.5,2.68
2025-08-08,688627,89.8,87.45,89.8,87.18,14977,131610578.0,2.93,-2.18,-1.95,2.07
2025-08-11,688627,87.0,91.82,94.79,86.2,40025,362237295.0,9.82,5.0,4.37,5.53
2025-08-12,688627,92.0,88.4,93.0,87.0,33736,300028377.0,6.53,-3.72,-3.42,4.66
2025-08-13,688627,89.76,89.99,93.48,88.5,36469,331967769.0,5.63,1.8,1.59,5.04
2025-08-14,688627,89.99,93.6,95.0,88.74,41426,383408405.0,6.96,4.01,3.61,5.73
2025-08-15,688627,93.93,92.99,95.0,91.89,23735,221729647.0,3.32,-0.65,-0.61,3.28
2025-08-18,688627,93.97,95.5,97.5,92.23,37899,358711867.0,5.67,2.7,2.51,5.24
2025-08-19,688627,95.5,93.12,96.1,92.56,23548,220774913.0,3.71,-2.49,-2.38,3.25
2025-08-20,688627,93.97,97.7,98.88,90.26,40648,384436592.0,9.26,4.92,4.58,5.62
2025-08-21,688627,96.42,94.7,98.0,94.17,21240,203393054.0,3.92,-3.07,-3.0,2.94
2025-08-22,688627,94.5,99.6,103.49,94.06,50361,499442445.0,9.96,5.17,4.9,6.96
2025-08-25,688627,102.18,101.9,107.5,99.0,49346,508295508.0,8.53,2.31,2.3,6.82
2025-08-26,688627,101.11,102.11,104.78,100.1,29052,296721378.0,4.59,0.21,0.21,4.02
2025-08-27,688627,101.36,100.17,106.9,100.17,30153,311900004.0,6.59,-1.9,-1.94,4.17
2025-08-28,688627,99.02,103.84,105.36,99.0,28520,291063043.0,6.35,3.66,3.67,3.94
2025-08-29,688627,104.21,105.4,106.6,101.0,28958,300636759.0,5.39,1.5,1.56,4.0
2025-09-01,688627,109.99,112.27,114.18,105.06,47853,528537855.0,8.65,6.52,6.87,6.61
2025-09-02,688627,112.3,110.25,115.45,108.19,32385,364666278.0,6.47,-1.8,-2.02,4.48
2025-09-03,688627,111.66,115.78,119.59,109.36,32899,377650414.0,9.28,5.02,5.53,4.55
2025-09-04,688627,113.01,105.13,116.28,100.01,42861,457835847.0,14.05,-9.2,-10.65,5.92
2025-09-05,688627,105.0,106.25,107.27,103.78,24092,254043433.0,3.32,1.07,1.12,3.33
2025-09-08,688627,106.11,108.28,112.0,103.02,36043,388742857.0,8.45,1.91,2.03,4.98
2025-09-09,688627,107.11,105.69,108.0,103.5,22848,241104747.0,4.16,-2.39,-2.59,3.16
2025-09-10,688627,105.07,106.0,109.4,105.07,24895,267937166.0,4.1,0.29,0.31,3.44
2025-09-11,688627,106.95,111.71,113.96,104.77,28228,310533712.0,8.67,5.39,5.71,3.9
2025-09-12,688627,113.22,134.05,134.05,111.71,75469,951452829.0,20.0,20.0,22.34,10.43
2025-09-15,688627,134.0,126.4,134.0,125.71,59145,757727290.0,6.18,-5.71,-7.65,8.17
2025-09-16,688627,126.41,124.0,127.44,122.0,36208,450305829.0,4.3,-1.9,-2.4,5.0
2025-09-17,688627,128.0,142.8,146.32,125.02,73232,1002255974.0,17.18,15.16,18.8,10.12
2025-09-18,688627,142.72,144.41,152.96,141.02,68941,1015613426.0,8.36,1.13,1.61,9.53
2025-09-19,688627,147.5,147.02,156.8,145.27,53712,809283768.0,7.98,1.81,2.61,7.42
2025-09-22,688627,150.0,153.0,157.0,148.02,46174,705033988.0,6.11,4.07,5.98,6.38
2025-09-23,688627,164.01,178.97,183.6,164.01,74597,1314869417.0,12.8,16.97,25.97,10.31
2025-09-24,688627,177.3,181.0,188.95,168.83,78973,1402037782.0,11.24,1.13,2.03,10.92
2025-09-25,688627,195.98,175.0,198.86,175.0,80175,1471865010.0,13.18,-3.31,-6.0,11.08
2025-09-26,688627,173.42,173.01,186.18,173.01,54752,978013915.0,7.53,-1.14,-1.99,7.57
2025-09-29,688627,175.0,187.0,190.99,174.41,75629,1401649834.0,9.58,8.09,13.99,10.45
2025-09-30,688627,187.0,181.0,193.99,181.0,60019,1123185280.0,6.95,-3.21,-6.0,8.3
2025-10-09,688627,187.5,180.5,192.55,179.0,69592,1290426430.0,7.49,-0.28,-0.5,9.62
2025-10-10,688627,177.0,166.88,180.18,165.8,64800,1104590620.0,7.97,-7.55,-13.62,8.96
2025-10-13,688627,160.62,166.88,169.5,160.62,45649,751197629.0,5.32,0.0,0.0,6.31
2025-10-14,688627,169.01,150.82,170.5,149.0,61547,971313502.0,12.88,-9.62,-16.06,8.51
2025-10-15,688627,149.9,154.12,154.5,149.0,31587,480996937.0,3.65,2.19,3.3,4.37
2025-10-16,688627,154.12,154.7,159.29,151.5,33004,515234824.0,5.05,0.38,0.58,4.56
2025-10-17,688627,153.58,146.57,154.14,145.0,40081,593166248.0,5.91,-5.26,-8.13,5.54
2025-10-20,688627,149.5,149.94,154.88,145.23,32899,496033729.0,6.58,2.3,3.37,4.55
2025-10-21,688627,152.78,155.38,156.98,150.98,36972,571749693.0,4.0,3.63,5.44,5.11
2025-10-22,688627,154.97,155.6,159.6,153.0,28413,443275567.0,4.25,0.14,0.22,3.93
2025-10-23,688627,155.35,155.46,156.39,152.5,17050,262919142.0,2.5,-0.09,-0.14,2.36
2025-10-24,688627,160.0,164.82,167.48,157.62,48881,798758625.0,6.34,6.02,9.36,6.76
2025-10-27,688627,170.0,190.28,193.27,169.03,74170,1335821871.0,14.71,15.45,25.46,10.25
2025-10-28,688627,193.19,195.0,199.77,190.6,47841,931802701.0,4.82,2.48,4.72,6.61
2025-10-29,688627,185.98,187.6,194.79,184.03,50244,946055285.0,5.52,-3.79,-7.4,6.94
2025-10-30,688627,188.33,183.21,195.88,183.01,54463,1034445669.0,6.86,-2.34,-4.39,7.53
2025-10-31,688627,182.97,172.0,182.97,171.04,42226,735571976.0,6.51,-6.12,-11.21,5.84
2025-11-03,688627,168.56,178.7,183.43,164.49,46890,821396758.0,11.01,3.9,6.7,6.48
2025-11-04,688627,180.15,175.3,180.39,172.01,24328,425946849.0,4.69,-1.9,-3.4,3.36
2025-11-05,688627,171.53,174.3,180.0,168.5,23025,401972087.0,6.56,-0.57,-1.0,3.18
2025-11-06,688627,180.0,179.27,183.8,172.78,32981,589340008.0,6.32,2.85,4.97,4.56
2025-11-07,688627,177.22,188.98,195.3,176.01,42039,788981864.0,10.76,5.42,9.71,5.81
2025-11-10,688627,188.0,200.16,207.77,187.88,46872,940738612.0,10.52,5.92,11.18,6.48
2025-11-11,688627,215.0,205.59,220.22,200.27,56477,1199385443.0,9.97,2.71,5.43,7.81
2025-11-12,688627,198.88,205.0,209.88,190.5,45899,922192895.0,9.43,-0.29,-0.59,6.34
2025-11-13,688627,202.34,196.87,211.0,193.5,30738,617502630.0,8.54,-3.97,-8.13,4.25
2025-11-14,688627,190.0,190.96,199.83,187.5,25429,490693400.0,6.26,-3.0,-5.91,3.51
2025-11-17,688627,192.78,198.9,208.77,190.81,34203,687516165.0,9.41,4.16,7.94,4.73
2025-11-18,688627,198.9,206.2,214.8,198.66,36237,757394118.0,8.11,3.67,7.3,5.01
2025-11-19,688627,201.0,196.56,213.5,195.0,30082,610750936.0,8.97,-4.68,-9.64,4.16
2025-11-20,688627,200.0,190.93,202.0,184.51,27601,523091102.0,8.9,-2.86,-5.63,3.81
2025-11-21,688627,185.0,179.0,188.98,179.0,20393,374396749.0,5.23,-6.25,-11.93,2.82
2025-11-24,688627,183.0,181.0,187.89,179.3,19037,350202528.0,4.8,1.12,2.0,2.63
2025-11-25,688627,186.01,179.24,189.74,178.68,24352,444594455.0,6.11,-0.97,-1.76,3.37
2025-11-26,688627,177.0,173.63,181.38,172.27,29778,524754328.0,5.08,-3.13,-5.61,4.12
2025-11-27,688627,173.26,177.48,186.02,172.5,22063,398155738.0,7.79,2.22,3.85,3.05
2025-11-28,688627,176.57,188.8,192.6,173.51,44447,822455803.0,10.76,6.38,11.32,6.14
2025-12-01,688627,187.9,181.8,188.86,176.61,27444,500560942.0,6.49,-3.71,-7.0,3.79
2025-12-02,688627,181.87,179.14,186.68,176.24,17449,314849160.0,5.74,-1.46,-2.66,2.41
2025-12-03,688627,178.36,187.71,192.6,178.36,35944,675363716.0,7.95,4.78,8.57,4.97
2025-12-04,688627,190.71,193.0,196.88,181.1,34891,663679640.0,8.41,2.82,5.29,4.82
2025-12-05,688627,193.32,190.15,197.18,187.18,25681,492363657.0,5.18,-1.48,-2.85,3.55
2025-12-08,688627,192.0,198.0,201.75,183.04,32022,618611505.0,9.84,4.13,7.85,4.43
2025-12-09,688627,197.04,197.11,201.93,192.0,22395,439310190.0,5.02,-0.45,-0.89,3.1
2025-12-10,688627,195.2,195.8,200.8,189.0,20583,400147685.0,5.99,-0.66,-1.31,2.84
2025-12-11,688627,197.98,195.91,200.55,192.1,20321,400893250.0,4.32,0.06,0.11,2.81
2025-12-12,688627,194.01,214.88,214.88,194.0,41593,854092832.0,10.66,9.68,18.97,5.75
2025-12-15,688627,208.88,204.17,214.88,203.87,28412,590696206.0,5.12,-4.98,-10.71,3.93
2025-12-16,688627,204.3,196.85,206.0,193.42,21346,423409986.0,6.16,-3.59,-7.32,2.95
2025-12-17,688627,198.0,206.0,208.86,195.77,23404,475980682.0,6.65,4.65,9.15,3.23
2025-12-18,688627,208.88,197.65,212.01,197.2,29801,604091559.0,7.19,-4.05,-8.35,4.12
2025-12-19,688627,202.0,208.06,215.88,194.02,35868,741103367.0,11.06,5.27,10.41,4.96
2025-12-22,688627,216.68,249.59,249.67,214.5,72276,1739558087.0,16.9,19.96,41.53,9.99
2025-12-23,688627,242.0,256.7,261.23,242.0,50310,1283428821.0,7.7,2.85,7.11,6.95
2025-12-24,688627,258.7,264.97,270.88,247.1,58254,1504804184.0,9.26,3.22,8.27,8.05
2025-12-25,688627,260.0,253.99,261.0,248.06,46863,1187228587.0,4.88,-4.14,-10.98,6.48
2025-12-26,688627,253.1,244.6,260.0,239.86,44437,1097749150.0,7.93,-3.7,-9.39,6.14
2025-12-29,688627,240.0,250.0,250.0,235.38,42885,1040782414.0,5.98,2.21,5.4,5.93
2025-12-30,688627,245.86,230.99,264.46,230.2,71085,1725724038.0,13.7,-7.6,-19.01,9.82
2025-12-31,688627,241.5,223.59,242.3,217.0,56338,1277932880.0,10.95,-3.2,-7.4,7.79
2026-01-05,688627,227.0,233.58,237.9,226.01,38639,900410102.0,5.32,4.47,9.99,5.34
2026-01-06,688627,237.0,228.52,248.75,227.0,54213,1288035414.0,9.31,-2.17,-5.06,7.49
2026-01-07,688627,237.5,244.29,253.5,237.5,56813,1393541125.0,7.0,6.9,15.77,7.85
2026-01-08,688627,240.18,242.22,252.93,236.83,45160,1099699950.0,6.59,-0.85,-2.07,6.24
2026-01-09,688627,240.18,241.04,245.78,232.12,42212,1007500718.0,5.64,-0.49,-1.18,5.83
2026-01-12,688627,240.95,234.25,242.0,233.0,49531,1169219870.0,3.73,-2.82,-6.79,6.85
2026-01-13,688627,233.8,210.0,233.8,206.0,86352,1870217506.0,11.87,-10.35,-24.25,11.94
2026-01-14,688627,214.0,210.96,216.87,206.6,54402,1151035680.0,4.89,0.46,0.96,7.52
2026-01-15,688627,210.73,218.8,221.8,206.01,56873,1217043226.0,7.48,3.72,7.84,7.86
2026-01-16,688627,222.67,248.0,259.33,222.67,106475,2545224305.0,16.76,13.35,29.2,14.72
2026-01-19,688627,256.0,251.49,256.0,243.66,48594,1215255135.0,4.98,1.41,3.49,6.72
2026-01-20,688627,245.1,249.97,256.05,237.01,51325,1263163319.0,7.57,-0.6,-1.52,7.09
2026-01-21,688627,248.8,257.0,272.68,248.18,58625,1523973398.0,9.8,2.81,7.03,8.1
2026-01-22,688627,260.0,248.0,264.59,241.01,51052,1261650581.0,9.18,-3.5,-9.0,7.06
2026-01-23,688627,252.0,275.18,278.58,248.7,78509,2095006116.0,12.05,10.96,27.18,10.85
2026-01-26,688627,289.0,278.87,295.87,271.0,89728,2557131495.0,9.04,1.34,3.69,12.4
2026-01-27,688627,277.66,307.85,315.0,275.88,73355,2165752848.0,14.03,10.39,28.98,10.14
2026-01-28,688627,307.85,316.0,317.0,297.02,62622,1915447935.0,6.49,2.65,8.15,8.66
2026-01-29,688627,306.57,289.0,312.0,286.21,57388,1713116905.0,8.16,-8.54,-27.0,7.93
2026-01-30,688627,290.0,285.93,303.0,285.9,50384,1479049068.0,5.92,-1.06,-3.07,6.96
2026-02-02,688627,280.49,270.0,285.9,270.0,49066,1361174846.0,5.56,-5.57,-15.93,6.78
2026-02-03,688627,281.58,288.0,290.68,275.1,52820,1498259960.0,5.77,6.67,18.0,7.3
2026-02-04,688627,285.37,291.0,299.54,285.37,35872,1052435051.0,4.92,1.04,3.0,4.96
2026-02-05,688627,280.0,294.0,297.22,273.01,52044,1482671537.0,8.32,1.03,3.0,7.19
2026-02-06,688627,287.5,287.99,302.79,280.42,59917,1754541041.0,7.61,-2.04,-6.01,8.28
2026-02-09,688627,297.0,297.32,301.6,286.0,42865,1261715850.0,5.42,3.24,9.33,5.92
2026-02-10,688627,297.0,288.58,303.0,286.0,32171,943944609.0,5.72,-2.94,-8.74,4.45
2026-02-11,688627,286.87,273.75,290.0,268.18,43072,1184850193.0,7.56,-5.14,-14.83,5.95
2026-02-12,688627,278.0,276.0,281.36,272.17,30231,835174288.0,3.36,0.82,2.25,4.18
2026-02-13,688627,272.42,287.8,294.73,272.42,45671,1316234837.0,8.08,4.28,11.8,6.31
2026-02-24,688627,292.0,291.75,300.88,273.3,35955,1037074334.0,9.58,1.37,3.95,4.97
2026-02-25,688627,290.0,313.0,319.71,279.0,59452,1789192924.0,13.95,7.28,21.25,8.22
2026-02-26,688627,310.0,310.3,319.0,297.04,40381,1236218882.0,7.02,-0.86,-2.7,5.58
2026-02-27,688627,300.6,306.07,310.0,298.0,29964,910164412.0,3.87,-1.36,-4.23,4.14
2026-03-02,688627,286.52,286.58,291.28,280.97,55899,1599449273.0,3.37,-6.37,-19.49,7.73
2026-03-03,688627,282.01,266.0,285.88,263.11,51490,1411688920.0,7.95,-7.18,-20.58,7.12
2026-03-04,688627,262.2,266.49,272.94,262.2,25914,693280174.0,4.04,0.18,0.49,3.58
2026-03-05,688627,274.7,265.55,278.57,262.62,29718,805017159.0,5.99,-0.35,-0.94,4.11
2026-03-06,688627,265.0,257.82,267.87,257.17,28136,734726097.0,4.03,-2.91,-7.73,3.89
2026-03-09,688627,244.93,245.8,248.0,230.0,47255,1132763938.0,6.98,-4.66,-12.02,6.53
2026-03-10,688627,256.0,249.33,256.0,243.6,39260,978687861.0,5.04,1.44,3.53,5.43
2026-03-11,688627,252.0,239.95,252.0,238.56,33148,806072875.0,5.39,-3.76,-9.38,4.58
2026-03-12,688627,239.01,234.68,242.98,231.51,31819,751272740.0,4.78,-2.2,-5.27,4.4
2026-03-13,688627,230.04,231.75,238.89,230.04,22020,514887410.0,3.77,-1.25,-2.93,3.04
2026-03-16,688627,231.89,237.0,240.71,228.0,34953,821134887.0,5.48,2.27,5.25,4.83
2026-03-17,688627,246.0,234.44,246.88,234.0,35981,860703095.0,5.43,-1.08,-2.56,4.97
2026-03-18,688627,240.0,245.6,246.98,235.03,41357,996365880.0,5.1,4.76,11.16,5.72
2026-03-19,688627,240.2,241.07,248.88,240.2,35692,868999238.0,3.53,-1.84,-4.53,4.93
2026-03-20,688627,244.5,248.3,255.5,238.27,55975,1392352716.0,7.15,3.0,7.23,7.74
2026-03-23,688627,240.0,228.0,245.7,226.52,43469,1021165256.0,7.72,-8.18,-20.3,6.01
2026-03-24,688627,233.4,238.0,240.0,225.68,31693,738971912.0,6.28,4.39,10.0,4.38
2026-03-25,688627,244.8,248.9,259.51,244.21,49404,1243134182.0,6.43,4.58,10.9,6.83
2026-03-26,688627,249.55,235.46,250.06,232.5,35996,856187948.0,7.06,-5.4,-13.44,4.98
2026-03-27,688627,228.0,241.38,242.99,226.07,33079,781896226.0,7.19,2.51,5.92,4.57
2026-03-30,688627,235.01,241.5,249.5,229.04,39990,957490052.0,8.48,0.05,0.12,5.53
2026-03-31,688627,238.95,227.75,238.95,226.0,31164,719776854.0,5.36,-5.69,-13.75,4.31
2026-04-01,688627,234.5,247.5,249.88,229.0,68853,1657602008.0,9.17,8.67,19.75,9.52
2026-04-02,688627,241.0,231.66,244.1,228.01,46937,1099175428.0,6.5,-6.4,-15.84,6.49
2026-04-03,688627,232.0,230.5,239.75,228.77,28856,675133927.0,4.74,-0.5,-1.16,3.99
2026-04-07,688627,230.58,235.04,241.23,230.58,25585,606780980.0,4.62,1.97,4.54,3.54
2026-04-08,688627,248.0,257.78,257.97,248.0,50926,1291905675.0,4.24,9.67,22.74,7.04
2026-04-09,688627,254.8,267.28,269.0,252.18,44574,1178716486.0,6.52,3.69,9.5,6.16
2026-04-10,688627,279.49,277.58,282.5,271.83,49453,1365968295.0,3.99,3.85,10.3,6.84
2026-04-13,688627,282.57,278.0,288.82,270.5,47122,1308786924.0,6.6,0.15,0.42,6.51
2026-04-14,688627,280.0,282.66,294.22,277.23,51036,1457802558.0,6.11,1.68,4.66,7.05
2026-04-15,688627,287.7,275.44,288.0,274.05,38023,1064940744.0,4.94,-2.55,-7.22,5.26
2026-04-16,688627,275.62,280.82,284.9,267.85,33296,926217100.0,6.19,1.95,5.38,4.6
2026-04-17,688627,278.0,280.51,284.98,272.0,28996,810050840.0,4.62,-0.11,-0.31,4.01
2026-04-20,688627,277.77,282.5,286.69,273.0,31169,876105808.0,4.88,0.71,1.99,4.31
2026-04-21,688627,280.0,283.48,288.28,274.2,26440,748102806.0,4.98,0.35,0.98,3.65
2026-04-22,688627,283.49,289.0,289.0,281.0,31814,909574627.0,2.82,1.95,5.52,4.4
2026-04-23,688627,291.4,276.37,295.56,272.12,40636,1135095308.0,8.11,-4.37,-12.63,5.62
2026-04-24,688627,275.99,273.76,285.0,272.0,23647,653734897.0,4.7,-0.94,-2.61,3.27
2026-04-27,688627,275.9,284.5,294.5,268.0,45471,1287897137.0,9.68,3.92,10.74,6.28
2026-04-28,688627,283.67,288.5,293.77,277.5,38267,1104332525.0,5.72,1.41,4.0,5.29
2026-04-29,688627,286.0,287.99,297.0,278.44,31860,920490485.0,6.43,-0.18,-0.51,4.4
2026-04-30,688627,285.74,293.03,299.38,276.36,56199,1613397155.0,7.99,1.75,5.04,7.77
2026-05-06,688627,305.0,303.13,313.96,297.78,65710,2002301096.0,5.52,3.45,10.1,9.08
2026-05-07,688627,302.0,303.2,307.98,296.58,40050,1208724985.0,3.76,0.02,0.07,5.54
2026-05-08,688627,298.02,300.0,316.97,297.24,42408,1294626391.0,6.51,-1.06,-3.2,5.86
2026-05-11,688627,307.0,344.28,355.95,306.44,70538,2344053935.0,16.5,14.76,44.28,9.75
2026-05-12,688627,338.0,355.14,357.8,333.0,54709,1897816789.0,7.2,3.15,10.86,7.55
2026-05-13,688627,342.88,360.0,372.0,334.0,57511,2043931765.0,10.7,1.37,4.86,7.94
2026-05-14,688627,359.99,348.3,367.0,343.01,44190,1562881086.0,6.66,-3.25,-11.7,6.1
2026-05-15,688627,345.03,353.44,377.0,328.0,70295,2485870319.0,14.07,1.48,5.14,9.7
2026-05-18,688627,376.0,364.97,402.97,360.16,109724,4138659465.0,12.11,3.26,11.53,15.14
2026-05-19,688627,361.11,396.4,398.33,355.02,72017,2732076063.0,11.87,8.61,31.43,9.94
2026-05-20,688627,394.01,440.0,447.57,394.01,68312,2946144903.0,13.51,11.0,43.6,9.43
2026-05-21,688627,441.0,409.95,451.0,404.04,76754,3282119474.0,10.67,-6.83,-30.05,10.59
2026-05-22,688627,418.0,416.97,424.77,395.0,70523,2879686214.0,7.26,1.71,7.02,9.73
2026-05-25,688627,402.66,430.94,449.88,398.0,67678,2869002437.0,12.44,3.35,13.97,9.34
2026-05-26,688627,422.3,404.98,425.9,394.5,66595,2701673123.0,7.29,-6.02,-25.96,9.19
2026-05-27,688627,409.0,385.82,419.9,382.05,65288,2608087098.0,9.35,-4.73,-19.16,9.01
2026-05-28,688627,383.74,395.89,403.0,379.67,46337,1821810345.0,6.05,2.61,10.07,6.39
2026-05-29,688627,398.0,367.0,398.78,363.0,62188,2333387575.0,9.04,-7.3,-28.89,8.58
2026-06-01,688627,364.33,349.58,372.82,346.0,50564,1805026459.0,7.31,-4.75,-17.42,6.98
2026-06-02,688627,352.0,348.19,358.0,340.08,55190,1920379019.0,5.13,-0.4,-1.39,7.62
2026-06-03,688627,347.01,355.5,372.0,344.0,59498,2127807112.0,8.04,2.1,7.31,8.21
2026-06-04,688627,354.0,388.01,395.0,352.06,69155,2591343637.0,12.08,9.14,32.51,9.54
2026-06-05,688627,379.07,385.56,403.01,379.07,63066,2476923149.0,6.17,-0.63,-2.45,8.7
2026-06-08,688627,367.04,375.1,393.8,365.5,52572,1992230082.0,7.34,-2.71,-10.46,7.25
2026-06-09,688627,385.5,408.68,412.5,378.05,75515,2993969690.0,9.18,8.95,33.58,10.42
2026-06-10,688627,407.73,403.0,419.0,391.58,56903,2313907075.0,6.71,-1.39,-5.68,7.85
2026-06-11,688627,396.0,412.55,419.0,396.0,55477,2283999418.0,5.71,2.37,9.55,7.66
2026-06-12,688627,443.1,414.48,462.0,404.95,78525,3385410278.0,13.83,0.47,1.93,10.84
2026-06-15,688627,413.0,468.0,472.39,405.05,76500,3418224322.0,16.25,12.91,53.52,10.56
2026-06-16,688627,470.0,498.0,515.98,463.0,73162,3558712203.0,11.32,6.41,30.0,10.1
2026-06-17,688627,499.0,542.28,546.99,490.11,79940,4159352043.0,11.42,8.89,44.28,11.03
2026-06-18,688627,531.43,520.03,550.0,512.0,27167,1424171622.0,7.01,-4.1,-22.25,3.75
